Fund,Bank Name ,City ,State ,Location
10540,Signature Bank,New York,NY,"New York, NY"
10539,Silicon Valley Bank,Santa Clara,CA,"Santa Clara, CA"
10538,Almena State Bank,Almena,KS,"Almena, KS"
10537,First City Bank of Florida,Fort Walton Beach,FL,"Fort Walton Beach, FL"
10536,The First State Bank,Barboursville,WV,"Barboursville, WV"
10535,Ericson State Bank,Ericson,NE,"Ericson, NE"
10534,City National Bank of New Jersey,Newark,NJ,"Newark, NJ"
10533,Resolute Bank,Maumee,OH,"Maumee, OH"
10532,Louisa Community Bank,Louisa,KY,"Louisa, KY"
10531,The Enloe State Bank,Cooper,TX,"Cooper, TX"
10530,Washington Federal Bank for Savings,Chicago,IL,"Chicago, IL"
10529,The Farmers and Merchants State Bank of Argonia,Argonia,KS,"Argonia, KS"
10528,Fayette County Bank,Saint Elmo,IL,"Saint Elmo, IL"
10527,"Guaranty Bank, (d/b/a BestBank in Georgia & Michigan)",Milwaukee,WI,"Milwaukee, WI"
10526,First NBC Bank,New Orleans,LA,"New Orleans, LA"
10525,Proficio Bank,Cottonwood Heights,UT,"Cottonwood Heights, UT"
10524,Seaway Bank and Trust Company,Chicago,IL,"Chicago, IL"
10523,Harvest Community Bank,Pennsville,NJ,"Pennsville, NJ"
10522,Allied Bank,Mulberry,AR,"Mulberry, AR"
10521,The Woodbury Banking Company,Woodbury,GA,"Woodbury, GA"
10520,First CornerStone Bank,King of Prussia,PA,"King of Prussia, PA"
10519,Trust Company Bank,Memphis,TN,"Memphis, TN"
10518,North Milwaukee State Bank,Milwaukee,WI,"Milwaukee, WI"
10517,Hometown National Bank,Longview,WA,"Longview, WA"
10516,The Bank of Georgia,Peachtree City,GA,"Peachtree City, GA"
10515,Premier Bank,Denver,CO,"Denver, CO"
10514,Edgebrook Bank,Chicago,IL,"Chicago, IL"
10513,Doral Bank,San Juan,PR,"San Juan, PR"
10512,Capitol City Bank & Trust Company,Atlanta,GA,"Atlanta, GA"
10511,Highland Community Bank,Chicago,IL,"Chicago, IL"
10510,First National Bank of Crestview,Crestview,FL,"Crestview, FL"
10509,Northern Star Bank,Mankato,MN,"Mankato, MN"
10508,"Frontier Bank, FSB D/B/A El Paseo Bank",Palm Desert,CA,"Palm Desert, CA"
10507,The National Republic Bank of Chicago,Chicago,IL,"Chicago, IL"
10506,NBRS Financial,Rising Sun,MD,"Rising Sun, MD"
10505,"GreenChoice Bank, fsb",Chicago,IL,"Chicago, IL"
10504,Eastside Commercial Bank,Conyers,GA,"Conyers, GA"
10503,The Freedom State Bank,Freedom,OK,"Freedom, OK"
10501,Valley Bank,Fort Lauderdale,FL,"Fort Lauderdale, FL"
10502,Valley Bank,Moline,IL,"Moline, IL"
10500,Slavie Federal Savings Bank,Bel Air,MD,"Bel Air, MD"
10499,Columbia Savings Bank,Cincinnati,OH,"Cincinnati, OH"
10498,AztecAmerica Bank,Berwyn,IL,"Berwyn, IL"
10497,Allendale County Bank,Fairfax,SC,"Fairfax, SC"
10496,Vantage Point Bank,Horsham,PA,"Horsham, PA"
10495,"Millennium Bank, National Association",Sterling,VA,"Sterling, VA"
10494,Syringa Bank,Boise,ID,"Boise, ID"
10493,The Bank of Union,El Reno,OK,"El Reno, OK"
10492,DuPage National Bank,West Chicago,IL,"West Chicago, IL"
10491,"Texas Community Bank, National Association",The Woodlands,TX,"The Woodlands, TX"
10490,Bank of Jackson County,Graceville,FL,"Graceville, FL"
10488,First National Bank also operating as The National Bank of El Paso,Edinburg,TX,"Edinburg, TX"
10489,The Community's Bank,Bridgeport,CT,"Bridgeport, CT"
10487,Sunrise Bank of Arizona,Phoenix,AZ,"Phoenix, AZ"
10486,Community South Bank,Parsons,TN,"Parsons, TN"
10485,Bank of Wausau,Wausau,WI,"Wausau, WI"
10484,First Community Bank of Southwest Florida (also operating as Community Bank of Cape Coral),Fort Myers,FL,"Fort Myers, FL"
10483,Mountain National Bank,Sevierville,TN,"Sevierville, TN"
10482,1st Commerce Bank,North Las Vegas,NV,"North Las Vegas, NV"
10478,Banks of Wisconsin d/b/a Bank of Kenosha,Kenosha,WI,"Kenosha, WI"
10479,Central Arizona Bank,Scottsdale,AZ,"Scottsdale, AZ"
10481,Sunrise Bank,Valdosta,GA,"Valdosta, GA"
10480,Pisgah Community Bank,Asheville,NC,"Asheville, NC"
10476,Douglas County Bank,Douglasville,GA,"Douglasville, GA"
10477,Parkway Bank,Lenoir,NC,"Lenoir, NC"
10473,Chipola Community Bank,Marianna,FL,"Marianna, FL"
10475,Heritage Bank of North Florida,Orange Park,FL,"Orange Park, FL"
10474,First Federal Bank,Lexington,KY,"Lexington, KY"
10472,Gold Canyon Bank,Gold Canyon,AZ,"Gold Canyon, AZ"
10471,Frontier Bank,LaGrange,GA,"LaGrange, GA"
10470,Covenant Bank,Chicago,IL,"Chicago, IL"
10469,1st Regents Bank,Andover,MN,"Andover, MN"
10468,Westside Community Bank,University Place,WA,"University Place, WA"
10467,Community Bank of the Ozarks,Sunrise Beach,MO,"Sunrise Beach, MO"
10466,Hometown Community Bank,Braselton,GA,"Braselton, GA"
10464,Citizens First National Bank,Princeton,IL,"Princeton, IL"
10465,Heritage Bank of Florida,Lutz,FL,"Lutz, FL"
10463,NOVA Bank,Berwyn,PA,"Berwyn, PA"
10460,Excel Bank,Sedalia,MO,"Sedalia, MO"
10461,First East Side Savings Bank,Tamarac,FL,"Tamarac, FL"
10462,GulfSouth Private Bank,Destin,FL,"Destin, FL"
10459,First United Bank,Crete,IL,"Crete, IL"
10458,Truman Bank,St. Louis,MO,"St. Louis, MO"
10457,First Commercial Bank,Bloomington,MN,"Bloomington, MN"
10456,Waukegan Savings Bank,Waukegan,IL,"Waukegan, IL"
10455,Jasper Banking Company,Jasper,GA,"Jasper, GA"
10453,Second Federal Savings and Loan Association of Chicago,Chicago,IL,"Chicago, IL"
10452,Heartland Bank,Leawood,KS,"Leawood, KS"
10450,First Cherokee State Bank,Woodstock,GA,"Woodstock, GA"
10451,Georgia Trust Bank,Buford,GA,"Buford, GA"
10454,The Royal Palm Bank of Florida,Naples,FL,"Naples, FL"
10449,Glasgow Savings Bank,Glasgow,MO,"Glasgow, MO"
10448,Montgomery Bank & Trust,Ailey,GA,"Ailey, GA"
10447,The Farmers Bank of Lynchburg,Lynchburg,TN,"Lynchburg, TN"
10446,Security Exchange Bank,Marietta,GA,"Marietta, GA"
10445,Putnam State Bank,Palatka,FL,"Palatka, FL"
10444,Waccamaw Bank,Whiteville,NC,"Whiteville, NC"
10442,Farmers' and Traders' State Bank,Shabbona,IL,"Shabbona, IL"
10441,Carolina Federal Savings Bank,Charleston,SC,"Charleston, SC"
10443,First Capital Bank,Kingfisher,OK,"Kingfisher, OK"
10440,"Alabama Trust Bank, National Association",Sylacauga,AL,"Sylacauga, AL"
10439,"Security Bank, National Association",North Lauderdale,FL,"North Lauderdale, FL"
10437,Palm Desert National Bank,Palm Desert,CA,"Palm Desert, CA"
10438,Plantation Federal Bank,Pawleys Island,SC,"Pawleys Island, SC"
10436,"Inter Savings Bank, fsb D/B/A InterBank, fsb",Maple Grove,MN,"Maple Grove, MN"
10435,HarVest Bank of Maryland,Gaithersburg,MD,"Gaithersburg, MD"
10434,Bank of the Eastern Shore,Cambridge,MD,"Cambridge, MD"
10433,"Fort Lee Federal Savings Bank, FSB",Fort Lee,NJ,"Fort Lee, NJ"
10432,Fidelity Bank,Dearborn,MI,"Dearborn, MI"
10431,Premier Bank,Wilmette,IL,"Wilmette, IL"
10430,Covenant Bank & Trust,Rock Spring,GA,"Rock Spring, GA"
10429,New City Bank,Chicago,IL,"Chicago, IL"
10428,Global Commerce Bank,Doraville,GA,"Doraville, GA"
10427,Home Savings of America,Little Falls,MN,"Little Falls, MN"
10426,Central Bank of Georgia,Ellaville,GA,"Ellaville, GA"
10425,SCB Bank,Shelbyville,IN,"Shelbyville, IN"
10424,Charter National Bank and Trust,Hoffman Estates,IL,"Hoffman Estates, IL"
10420,BankEast,Knoxville,TN,"Knoxville, TN"
10422,Patriot Bank Minnesota,Forest Lake,MN,"Forest Lake, MN"
10423,Tennessee Commerce Bank,Franklin,TN,"Franklin, TN"
10421,First Guaranty Bank and Trust Company of Jacksonville,Jacksonville,FL,"Jacksonville, FL"
10417,American Eagle Savings Bank,Boothwyn,PA,"Boothwyn, PA"
10419,The First State Bank,Stockbridge,GA,"Stockbridge, GA"
10418,Central Florida State Bank,Belleview,FL,"Belleview, FL"
10416,Western National Bank,Phoenix,AZ,"Phoenix, AZ"
10415,Premier Community Bank of the Emerald Coast,Crestview,FL,"Crestview, FL"
10413,Central Progressive Bank,Lacombe,LA,"Lacombe, LA"
10414,Polk County Bank,Johnston,IA,"Johnston, IA"
10412,Community Bank of Rockmart,Rockmart,GA,"Rockmart, GA"
10411,SunFirst Bank,Saint George,UT,"Saint George, UT"
10410,"Mid City Bank, Inc.",Omaha,NE,"Omaha, NE"
10409,All American Bank,Des Plaines,IL,"Des Plaines, IL"
10405,Community Banks of Colorado,Greenwood Village,CO,"Greenwood Village, CO"
10406,Community Capital Bank,Jonesboro,GA,"Jonesboro, GA"
10407,Decatur First Bank,Decatur,GA,"Decatur, GA"
10408,Old Harbor Bank,Clearwater,FL,"Clearwater, FL"
10402,Country Bank,Aledo,IL,"Aledo, IL"
10403,First State Bank,Cranford,NJ,"Cranford, NJ"
10401,"Blue Ridge Savings Bank, Inc.",Asheville,NC,"Asheville, NC"
10404,Piedmont Community Bank,Gray,GA,"Gray, GA"
10400,Sun Security Bank,Ellington,MO,"Ellington, MO"
10399,The RiverBank,Wyoming,MN,"Wyoming, MN"
10398,First International Bank,Plano,TX,"Plano, TX"
10397,Citizens Bank of Northern California,Nevada City,CA,"Nevada City, CA"
10396,Bank of the Commonwealth,Norfolk,VA,"Norfolk, VA"
10395,The First National Bank of Florida,Milton,FL,"Milton, FL"
10393,CreekSide Bank,Woodstock,GA,"Woodstock, GA"
10394,Patriot Bank of Georgia,Cumming,GA,"Cumming, GA"
10390,First Choice Bank,Geneva,IL,"Geneva, IL"
10391,First Southern National Bank,Statesboro,GA,"Statesboro, GA"
10392,Lydian Private Bank,Palm Beach,FL,"Palm Beach, FL"
10389,Public Savings Bank,Huntingdon Valley,PA,"Huntingdon Valley, PA"
10388,The First National Bank of Olathe,Olathe,KS,"Olathe, KS"
10387,Bank of Whitman,Colfax,WA,"Colfax, WA"
10386,Bank of Shorewood,Shorewood,IL,"Shorewood, IL"
10384,Integra Bank National Association,Evansville,IN,"Evansville, IN"
10383,"BankMeridian, N.A.",Columbia,SC,"Columbia, SC"
10385,Virginia Business Bank,Richmond,VA,"Richmond, VA"
10380,Bank of Choice,Greeley,CO,"Greeley, CO"
10381,LandMark Bank of Florida,Sarasota,FL,"Sarasota, FL"
10382,Southshore Community Bank,Apollo Beach,FL,"Apollo Beach, FL"
10379,Summit Bank,Prescott,AZ,"Prescott, AZ"
10376,First Peoples Bank,Port St. Lucie,FL,"Port St. Lucie, FL"
10377,High Trust Bank,Stockbridge,GA,"Stockbridge, GA"
10378,One Georgia Bank,Atlanta,GA,"Atlanta, GA"
10375,Signature Bank,Windsor,CO,"Windsor, CO"
10373,Colorado Capital Bank,Castle Rock,CO,"Castle Rock, CO"
10374,First Chicago Bank & Trust,Chicago,IL,"Chicago, IL"
10372,Mountain Heritage Bank,Clayton,GA,"Clayton, GA"
10370,First Commercial Bank of Tampa Bay,Tampa,FL,"Tampa, FL"
10371,McIntosh State Bank,Jackson,GA,"Jackson, GA"
10369,Atlantic Bank and Trust,Charleston,SC,"Charleston, SC"
10368,First Heritage Bank,Snohomish,WA,"Snohomish, WA"
10367,Summit Bank,Burlington,WA,"Burlington, WA"
10366,First Georgia Banking Company,Franklin,GA,"Franklin, GA"
10365,Atlantic Southern Bank,Macon,GA,"Macon, GA"
10364,Coastal Bank,Cocoa Beach,FL,"Cocoa Beach, FL"
10359,Community Central Bank,Mount Clemens,MI,"Mount Clemens, MI"
10363,The Park Avenue Bank,Valdosta,GA,"Valdosta, GA"
10361,First Choice Community Bank,Dallas,GA,"Dallas, GA"
10360,Cortez Community Bank,Brooksville,FL,"Brooksville, FL"
10362,First National Bank of Central Florida,Winter Park,FL,"Winter Park, FL"
10354,Heritage Banking Group,Carthage,MS,"Carthage, MS"
10357,Rosemount National Bank,Rosemount,MN,"Rosemount, MN"
10358,Superior Bank,Birmingham,AL,"Birmingham, AL"
10356,Nexity Bank,Birmingham,AL,"Birmingham, AL"
10355,New Horizons Bank,East Ellijay,GA,"East Ellijay, GA"
10353,Bartow County Bank,Cartersville,GA,"Cartersville, GA"
10351,Nevada Commerce Bank,Las Vegas,NV,"Las Vegas, NV"
10352,Western Springs National Bank and Trust,Western Springs,IL,"Western Springs, IL"
10350,The Bank of Commerce,Wood Dale,IL,"Wood Dale, IL"
10348,Legacy Bank,Milwaukee,WI,"Milwaukee, WI"
10349,First National Bank of Davis,Davis,OK,"Davis, OK"
10347,Valley Community Bank,St. Charles,IL,"St. Charles, IL"
10346,"San Luis Trust Bank, FSB",San Luis Obispo,CA,"San Luis Obispo, CA"
10343,Charter Oak Bank,Napa,CA,"Napa, CA"
10344,Citizens Bank of Effingham,Springfield,GA,"Springfield, GA"
10345,Habersham Bank,Clarkesville,GA,"Clarkesville, GA"
10340,Canyon National Bank,Palm Springs,CA,"Palm Springs, CA"
10339,Badger State Bank,Cassville,WI,"Cassville, WI"
10341,Peoples State Bank,Hamtramck,MI,"Hamtramck, MI"
10342,Sunshine State Community Bank,Port Orange,FL,"Port Orange, FL"
10337,Community First Bank Chicago,Chicago,IL,"Chicago, IL"
10338,North Georgia Bank,Watkinsville,GA,"Watkinsville, GA"
10336,American Trust Bank,Roswell,GA,"Roswell, GA"
10333,First Community Bank,Taos,NM,"Taos, NM"
10334,FirsTier Bank,Louisville,CO,"Louisville, CO"
10332,Evergreen State Bank,Stoughton,WI,"Stoughton, WI"
10335,The First State Bank,Camargo,OK,"Camargo, OK"
10331,United Western Bank,Denver,CO,"Denver, CO"
10330,The Bank of Asheville,Asheville,NC,"Asheville, NC"
10328,CommunitySouth Bank & Trust,Easley,SC,"Easley, SC"
10329,Enterprise Banking Company,McDonough,GA,"McDonough, GA"
10327,Oglethorpe Bank,Brunswick,GA,"Brunswick, GA"
10326,Legacy Bank,Scottsdale,AZ,"Scottsdale, AZ"
10325,First Commercial Bank of Florida,Orlando,FL,"Orlando, FL"
10321,Community National Bank,Lino Lakes,MN,"Lino Lakes, MN"
10322,First Southern Bank,Batesville,AR,"Batesville, AR"
10323,"United Americas Bank, N.A.",Atlanta,GA,"Atlanta, GA"
10319,"Appalachian Community Bank, FSB",McCaysville,GA,"McCaysville, GA"
10320,Chestatee State Bank,Dawsonville,GA,"Dawsonville, GA"
10324,"The Bank of Miami,N.A.",Coral Gables,FL,"Coral Gables, FL"
10317,Earthstar Bank,Southampton,PA,"Southampton, PA"
10318,Paramount Bank,Farmington Hills,MI,"Farmington Hills, MI"
10315,First Banking Center,Burlington,WI,"Burlington, WI"
10314,Allegiance Bank of North America,Bala Cynwyd,PA,"Bala Cynwyd, PA"
10316,Gulf State Community Bank,Carrabelle,FL,"Carrabelle, FL"
10311,Copper Star Bank,Scottsdale,AZ,"Scottsdale, AZ"
10312,Darby Bank & Trust Co.,Vidalia,GA,"Vidalia, GA"
10313,Tifton Banking Company,Tifton,GA,"Tifton, GA"
10307,First Vietnamese American Bank,Westminster,CA,"Westminster, CA"
10309,Pierce Commercial Bank,Tacoma,WA,"Tacoma, WA"
10310,Western Commercial Bank,Woodland Hills,CA,"Woodland Hills, CA"
10308,K Bank,Randallstown,MD,"Randallstown, MD"
10306,"First Arizona Savings, A FSB",Scottsdale,AZ,"Scottsdale, AZ"
10302,Hillcrest Bank,Overland Park,KS,"Overland Park, KS"
10301,First Suburban National Bank,Maywood,IL,"Maywood, IL"
10304,The First National Bank of Barnesville,Barnesville,GA,"Barnesville, GA"
10305,The Gordon Bank,Gordon,GA,"Gordon, GA"
10303,Progress Bank of Florida,Tampa,FL,"Tampa, FL"
10300,First Bank of Jacksonville,Jacksonville,FL,"Jacksonville, FL"
10297,Premier Bank,Jefferson City,MO,"Jefferson City, MO"
10299,WestBridge Bank and Trust Company,Chesterfield,MO,"Chesterfield, MO"
10298,"Security Savings Bank, F.S.B.",Olathe,KS,"Olathe, KS"
10295,Shoreline Bank,Shoreline,WA,"Shoreline, WA"
10296,Wakulla Bank,Crawfordville,FL,"Crawfordville, FL"
10294,North County Bank,Arlington,WA,"Arlington, WA"
10293,Haven Trust Bank Florida,Ponte Vedra Beach,FL,"Ponte Vedra Beach, FL"
10291,Maritime Savings Bank,West Allis,WI,"West Allis, WI"
10288,Bramble Savings Bank,Milford,OH,"Milford, OH"
10292,The Peoples Bank,Winder,GA,"Winder, GA"
10289,First Commerce Community Bank,Douglasville,GA,"Douglasville, GA"
10287,Bank of Ellijay,Ellijay,GA,"Ellijay, GA"
10290,ISN Bank,Cherry Hill,NJ,"Cherry Hill, NJ"
10286,Horizon Bank,Bradenton,FL,"Bradenton, FL"
10285,Sonoma Valley Bank,Sonoma,CA,"Sonoma, CA"
10282,Los Padres Bank,Solvang,CA,"Solvang, CA"
10278,Butte Community Bank,Chico,CA,"Chico, CA"
10283,Pacific State Bank,Stockton,CA,"Stockton, CA"
10284,ShoreBank,Chicago,IL,"Chicago, IL"
10280,Imperial Savings and Loan Association,Martinsville,VA,"Martinsville, VA"
10281,Independent National Bank,Ocala,FL,"Ocala, FL"
10279,Community National Bank at Bartow,Bartow,FL,"Bartow, FL"
10277,Palos Bank and Trust Company,Palos Heights,IL,"Palos Heights, IL"
10276,Ravenswood Bank,Chicago,IL,"Chicago, IL"
10273,LibertyBank,Eugene,OR,"Eugene, OR"
10275,The Cowlitz Bank,Longview,WA,"Longview, WA"
10272,Coastal Community Bank,Panama City Beach,FL,"Panama City Beach, FL"
10271,Bayside Savings Bank,Port Saint Joe,FL,"Port Saint Joe, FL"
10274,Northwest Bank & Trust,Acworth,GA,"Acworth, GA"
10266,Home Valley Bank,Cave Junction,OR,"Cave Junction, OR"
10267,SouthwestUSA Bank,Las Vegas,NV,"Las Vegas, NV"
10264,Community Security Bank,New Prague,MN,"New Prague, MN"
10269,Thunder Bank,Sylvan Grove,KS,"Sylvan Grove, KS"
10270,Williamsburg First National Bank,Kingstree,SC,"Kingstree, SC"
10265,Crescent Bank and Trust Company,Jasper,GA,"Jasper, GA"
10268,Sterling Bank,Lantana,FL,"Lantana, FL"
10258,"Mainstreet Savings Bank, FSB",Hastings,MI,"Hastings, MI"
10260,Olde Cypress Community Bank,Clewiston,FL,"Clewiston, FL"
10261,Turnberry Bank,Aventura,FL,"Aventura, FL"
10259,Metro Bank of Dade County,Miami,FL,"Miami, FL"
10263,First National Bank of the South,Spartanburg,SC,"Spartanburg, SC"
10262,Woodlands Bank,Bluffton,SC,"Bluffton, SC"
10256,Home National Bank,Blackwell,OK,"Blackwell, OK"
10254,USA Bank,Port Chester,NY,"Port Chester, NY"
10257,Ideal Federal Savings Bank,Baltimore,MD,"Baltimore, MD"
10255,Bay National Bank,Baltimore,MD,"Baltimore, MD"
10252,High Desert State Bank,Albuquerque,NM,"Albuquerque, NM"
10251,First National Bank,Savannah,GA,"Savannah, GA"
10253,Peninsula Bank,Englewood,FL,"Englewood, FL"
10250,Nevada Security Bank,Reno,NV,"Reno, NV"
10249,Washington First International Bank,Seattle,WA,"Seattle, WA"
10248,TierOne Bank,Lincoln,NE,"Lincoln, NE"
10246,Arcola Homestead Savings Bank,Arcola,IL,"Arcola, IL"
10247,First National Bank,Rosedale,MS,"Rosedale, MS"
10245,Sun West Bank,Las Vegas,NV,"Las Vegas, NV"
10244,"Granite Community Bank, NA",Granite Bay,CA,"Granite Bay, CA"
10243,Bank of Florida - Tampa,Tampa,FL,"Tampa, FL"
10242,Bank of Florida - Southwest,Naples,FL,"Naples, FL"
10241,Bank of Florida - Southeast,Fort Lauderdale,FL,"Fort Lauderdale, FL"
10240,Pinehurst Bank,Saint Paul,MN,"Saint Paul, MN"
10236,Midwest Bank and Trust Company,Elmwood Park,IL,"Elmwood Park, IL"
10239,Southwest Community Bank,Springfield,MO,"Springfield, MO"
10237,New Liberty Bank,Plymouth,MI,"Plymouth, MI"
10238,Satilla Community Bank,Saint Marys,GA,"Saint Marys, GA"
10232,1st Pacific Bank of California,San Diego,CA,"San Diego, CA"
10235,Towne Bank of Arizona,Mesa,AZ,"Mesa, AZ"
10233,Access Bank,Champlin,MN,"Champlin, MN"
10234,The Bank of Bonifay,Bonifay,FL,"Bonifay, FL"
10228,Frontier Bank,Everett,WA,"Everett, WA"
10225,BC National Banks,Butler,MO,"Butler, MO"
10227,Champion Bank,Creve Coeur,MO,"Creve Coeur, MO"
10226,CF Bancorp,Port Huron,MI,"Port Huron, MI"
10231,Westernbank Puerto Rico,Mayaguez,PR,"Mayaguez, PR"
10230,R-G Premier Bank of Puerto Rico,Hato Rey,PR,"Hato Rey, PR"
10229,Eurobank,San Juan,PR,"San Juan, PR"
10224,Wheatland Bank,Naperville,IL,"Naperville, IL"
10223,Peotone Bank and Trust Company,Peotone,IL,"Peotone, IL"
10221,Lincoln Park Savings Bank,Chicago,IL,"Chicago, IL"
10222,New Century Bank,Chicago,IL,"Chicago, IL"
10220,Citizens Bank and Trust Company of Chicago,Chicago,IL,"Chicago, IL"
10219,Broadway Bank,Chicago,IL,"Chicago, IL"
10218,"Amcore Bank, National Association",Rockford,IL,"Rockford, IL"
10212,City Bank,Lynnwood,WA,"Lynnwood, WA"
10217,Tamalpais Bank,San Rafael,CA,"San Rafael, CA"
10214,Innovative Bank,Oakland,CA,"Oakland, CA"
10211,Butler Bank,Lowell,MA,"Lowell, MA"
10216,Riverside National Bank of Florida,Fort Pierce,FL,"Fort Pierce, FL"
10210,AmericanFirst Bank,Clermont,FL,"Clermont, FL"
10213,First Federal Bank of North Florida,Palatka,FL,"Palatka, FL"
10215,Lakeside Community Bank,Sterling Heights,MI,"Sterling Heights, MI"
10209,Beach First National Bank,Myrtle Beach,SC,"Myrtle Beach, SC"
10205,Desert Hills Bank,Phoenix,AZ,"Phoenix, AZ"
10208,Unity National Bank,Cartersville,GA,"Cartersville, GA"
10206,Key West Bank,Key West,FL,"Key West, FL"
10207,McIntosh Commercial Bank,Carrollton,GA,"Carrollton, GA"
10203,State Bank of Aurora,Aurora,MN,"Aurora, MN"
10204,First Lowndes Bank,Fort Deposit,AL,"Fort Deposit, AL"
10202,Bank of Hiawassee,Hiawassee,GA,"Hiawassee, GA"
10199,Appalachian Community Bank,Ellijay,GA,"Ellijay, GA"
10200,Advanta Bank Corp.,Draper,UT,"Draper, UT"
10198,Century Security Bank,Duluth,GA,"Duluth, GA"
10201,American National Bank,Parma,OH,"Parma, OH"
10196,Statewide Bank,Covington,LA,"Covington, LA"
10197,Old Southern Bank,Orlando,FL,"Orlando, FL"
10195,The Park Avenue Bank,New York,NY,"New York, NY"
10194,LibertyPointe Bank,New York,NY,"New York, NY"
10193,Centennial Bank,Ogden,UT,"Ogden, UT"
10190,Waterfield Bank,Germantown,MD,"Germantown, MD"
10191,Bank of Illinois,Normal,IL,"Normal, IL"
10192,Sun American Bank,Boca Raton,FL,"Boca Raton, FL"
10189,Rainier Pacific Bank,Tacoma,WA,"Tacoma, WA"
10188,Carson River Community Bank,Carson City,NV,"Carson City, NV"
10185,"La Jolla Bank, FSB",La Jolla,CA,"La Jolla, CA"
10184,George Washington Savings Bank,Orland Park,IL,"Orland Park, IL"
10186,The La Coste National Bank,La Coste,TX,"La Coste, TX"
10187,Marco Community Bank,Marco Island,FL,"Marco Island, FL"
10183,1st American State Bank of Minnesota,Hancock,MN,"Hancock, MN"
10178,American Marine Bank,Bainbridge Island,WA,"Bainbridge Island, WA"
10177,First Regional Bank,Los Angeles,CA,"Los Angeles, CA"
10180,Community Bank and Trust,Cornelia,GA,"Cornelia, GA"
10182,"Marshall Bank, N.A.",Hallock,MN,"Hallock, MN"
10181,Florida Community Bank,Immokalee,FL,"Immokalee, FL"
10179,First National Bank of Georgia,Carrollton,GA,"Carrollton, GA"
10176,Columbia River Bank,The Dalles,OR,"The Dalles, OR"
10172,Evergreen Bank,Seattle,WA,"Seattle, WA"
10175,Charter Bank,Santa Fe,NM,"Santa Fe, NM"
10174,Bank of Leeton,Leeton,MO,"Leeton, MO"
10173,Premier American Bank,Miami,FL,"Miami, FL"
10171,Barnes Banking Company,Kaysville,UT,"Kaysville, UT"
10169,St. Stephen State Bank,St. Stephen,MN,"St. Stephen, MN"
10170,Town Community Bank & Trust,Antioch,IL,"Antioch, IL"
10168,Horizon Bank,Bellingham,WA,"Bellingham, WA"
10167,"First Federal Bank of California, F.S.B.",Santa Monica,CA,"Santa Monica, CA"
10161,Imperial Capital Bank,La Jolla,CA,"La Jolla, CA"
10166,Independent Bankers' Bank,Springfield,IL,"Springfield, IL"
10163,New South Federal Savings Bank,Irondale,AL,"Irondale, AL"
10162,Citizens State Bank,New Baltimore,MI,"New Baltimore, MI"
10165,Peoples First Community Bank,Panama City,FL,"Panama City, FL"
10164,RockBridge Commercial Bank,Atlanta,GA,"Atlanta, GA"
10160,SolutionsBank,Overland Park,KS,"Overland Park, KS"
10159,"Valley Capital Bank, N.A.",Mesa,AZ,"Mesa, AZ"
10158,"Republic Federal Bank, N.A.",Miami,FL,"Miami, FL"
10156,Greater Atlantic Bank,Reston,VA,"Reston, VA"
10154,Benchmark Bank,Aurora,IL,"Aurora, IL"
10155,AmTrust Bank,Cleveland,OH,"Cleveland, OH"
10153,The Tattnall Bank,Reidsville,GA,"Reidsville, GA"
10157,First Security National Bank,Norcross,GA,"Norcross, GA"
10152,The Buckhead Community Bank,Atlanta,GA,"Atlanta, GA"
10151,Commerce Bank of Southwest Florida,Fort Myers,FL,"Fort Myers, FL"
10150,Pacific Coast National Bank,San Clemente,CA,"San Clemente, CA"
10149,Orion Bank,Naples,FL,"Naples, FL"
10148,"Century Bank, F.S.B.",Sarasota,FL,"Sarasota, FL"
10147,United Commercial Bank,San Francisco,CA,"San Francisco, CA"
10146,Gateway Bank of St. Louis,St. Louis,MO,"St. Louis, MO"
10143,Prosperan Bank,Oakdale,MN,"Oakdale, MN"
10144,Home Federal Savings Bank,Detroit,MI,"Detroit, MI"
10145,United Security Bank,Sparta,GA,"Sparta, GA"
10138,North Houston Bank,Houston,TX,"Houston, TX"
10142,Madisonville State Bank,Madisonville,TX,"Madisonville, TX"
10141,Citizens National Bank,Teague,TX,"Teague, TX"
10140,Park National Bank,Chicago,IL,"Chicago, IL"
10139,Pacific National Bank,San Francisco,CA,"San Francisco, CA"
10134,California National Bank,Los Angeles,CA,"Los Angeles, CA"
10135,San Diego National Bank,San Diego,CA,"San Diego, CA"
10137,Community Bank of Lemont,Lemont,IL,"Lemont, IL"
10136,"Bank USA, N.A.",Phoenix,AZ,"Phoenix, AZ"
10128,First DuPage Bank,Westmont,IL,"Westmont, IL"
10133,Riverview Community Bank,Otsego,MN,"Otsego, MN"
10132,Bank of Elmwood,Racine,WI,"Racine, WI"
10129,Flagship National Bank,Bradenton,FL,"Bradenton, FL"
10131,Hillcrest Bank Florida,Naples,FL,"Naples, FL"
10127,American United Bank,Lawrenceville,GA,"Lawrenceville, GA"
10130,Partners Bank,Naples,FL,"Naples, FL"
10126,San Joaquin Bank,Bakersfield,CA,"Bakersfield, CA"
10123,Southern Colorado National Bank,Pueblo,CO,"Pueblo, CO"
10124,Jennings State Bank,Spring Grove,MN,"Spring Grove, MN"
10125,Warren Bank,Warren,MI,"Warren, MI"
10122,Georgian Bank,Atlanta,GA,"Atlanta, GA"
10121,"Irwin Union Bank, F.S.B.",Louisville,KY,"Louisville, KY"
10120,Irwin Union Bank and Trust Company,Columbus,IN,"Columbus, IN"
10119,Venture Bank,Lacey,WA,"Lacey, WA"
10118,Brickwell Community Bank,Woodbury,MN,"Woodbury, MN"
10117,"Corus Bank, N.A.",Chicago,IL,"Chicago, IL"
10114,First State Bank,Flagstaff,AZ,"Flagstaff, AZ"
10115,Platinum Community Bank,Rolling Meadows,IL,"Rolling Meadows, IL"
10116,Vantus Bank,Sioux City,IA,"Sioux City, IA"
10113,InBank,Oak Forest,IL,"Oak Forest, IL"
10112,First Bank of Kansas City,Kansas City,MO,"Kansas City, MO"
10110,Affinity Bank,Ventura,CA,"Ventura, CA"
10111,Mainstreet Bank,Forest Lake,MN,"Forest Lake, MN"
10109,Bradford Bank,Baltimore,MD,"Baltimore, MD"
10105,Guaranty Bank,Austin,TX,"Austin, TX"
10106,CapitalSouth Bank,Birmingham,AL,"Birmingham, AL"
10108,First Coweta Bank,Newnan,GA,"Newnan, GA"
10107,ebank,Atlanta,GA,"Atlanta, GA"
10100,Community Bank of Nevada,Las Vegas,NV,"Las Vegas, NV"
10101,Community Bank of Arizona,Phoenix,AZ,"Phoenix, AZ"
10102,"Union Bank, National Association",Gilbert,AZ,"Gilbert, AZ"
10103,Colonial Bank,Montgomery,AL,"Montgomery, AL"
10104,Dwelling House Savings and Loan Association,Pittsburgh,PA,"Pittsburgh, PA"
10092,Community First Bank,Prineville,OR,"Prineville, OR"
10099,Community National Bank of Sarasota County,Venice,FL,"Venice, FL"
10098,First State Bank,Sarasota,FL,"Sarasota, FL"
10094,Mutual Bank,Harvey,IL,"Harvey, IL"
10097,First BankAmericano,Elizabeth,NJ,"Elizabeth, NJ"
10096,Peoples Community Bank,West Chester,OH,"West Chester, OH"
10095,Integrity Bank,Jupiter,FL,"Jupiter, FL"
10093,First State Bank of Altus,Altus,OK,"Altus, OK"
10088,Security Bank of Jones County,Gray,GA,"Gray, GA"
10087,Security Bank of Houston County,Perry,GA,"Perry, GA"
10085,Security Bank of Bibb County,Macon,GA,"Macon, GA"
10090,Security Bank of North Metro,Woodstock,GA,"Woodstock, GA"
10089,Security Bank of North Fulton,Alpharetta,GA,"Alpharetta, GA"
10086,Security Bank of Gwinnett County,Suwanee,GA,"Suwanee, GA"
10091,Waterford Village Bank,Williamsville,NY,"Williamsville, NY"
10082,Temecula Valley Bank,Temecula,CA,"Temecula, CA"
10083,Vineyard Bank,Rancho Cucamonga,CA,"Rancho Cucamonga, CA"
10081,BankFirst,Sioux Falls,SD,"Sioux Falls, SD"
10084,First Piedmont Bank,Winder,GA,"Winder, GA"
10080,Bank of Wyoming,Thermopolis,WY,"Thermopolis, WY"
10074,Founders Bank,Worth,IL,"Worth, IL"
10079,Millennium State Bank of Texas,Dallas,TX,"Dallas, TX"
10078,First National Bank of Danville,Danville,IL,"Danville, IL"
10073,The Elizabeth State Bank,Elizabeth,IL,"Elizabeth, IL"
10075,Rock River Bank,Oregon,IL,"Oregon, IL"
10077,First State Bank of Winchester,Winchester,IL,"Winchester, IL"
10076,John Warner Bank,Clinton,IL,"Clinton, IL"
10072,Mirae Bank,Los Angeles,CA,"Los Angeles, CA"
10071,MetroPacific Bank,Irvine,CA,"Irvine, CA"
10070,Horizon Bank,Pine City,MN,"Pine City, MN"
10069,Neighborhood Community Bank,Newnan,GA,"Newnan, GA"
10068,Community Bank of West Georgia,Villa Rica,GA,"Villa Rica, GA"
10066,First National Bank of Anthony,Anthony,KS,"Anthony, KS"
10065,Cooperative Bank,Wilmington,NC,"Wilmington, NC"
10067,Southern Community Bank,Fayetteville,GA,"Fayetteville, GA"
10064,Bank of Lincolnwood,Lincolnwood,IL,"Lincolnwood, IL"
10063,Citizens National Bank,Macomb,IL,"Macomb, IL"
10062,Strategic Capital Bank,Champaign,IL,"Champaign, IL"
10061,"BankUnited, FSB",Coral Gables,FL,"Coral Gables, FL"
10060,Westsound Bank,Bremerton,WA,"Bremerton, WA"
10057,America West Bank,Layton,UT,"Layton, UT"
10058,Citizens Community Bank,Ridgewood,NJ,"Ridgewood, NJ"
10059,"Silverton Bank, NA",Atlanta,GA,"Atlanta, GA"
10055,First Bank of Idaho,Ketchum,ID,"Ketchum, ID"
10054,First Bank of Beverly Hills,Calabasas,CA,"Calabasas, CA"
10056,Michigan Heritage Bank,Farmington Hills,MI,"Farmington Hills, MI"
10053,American Southern Bank,Kennesaw,GA,"Kennesaw, GA"
10051,Great Basin Bank of Nevada,Elko,NV,"Elko, NV"
10052,American Sterling Bank,Sugar Creek,MO,"Sugar Creek, MO"
10050,New Frontier Bank,Greeley,CO,"Greeley, CO"
10049,Cape Fear Bank,Wilmington,NC,"Wilmington, NC"
10048,Omni National Bank,Atlanta,GA,"Atlanta, GA"
10046,"TeamBank, NA",Paola,KS,"Paola, KS"
10045,Colorado National Bank,Colorado Springs,CO,"Colorado Springs, CO"
10047,FirstCity Bank,Stockbridge,GA,"Stockbridge, GA"
10044,Freedom Bank of Georgia,Commerce,GA,"Commerce, GA"
10043,Security Savings Bank,Henderson,NV,"Henderson, NV"
10042,Heritage Community Bank,Glenwood,IL,"Glenwood, IL"
10041,Silver Falls Bank,Silverton,OR,"Silverton, OR"
10040,Pinnacle Bank of Oregon,Beaverton,OR,"Beaverton, OR"
10037,Corn Belt Bank & Trust Co.,Pittsfield,IL,"Pittsfield, IL"
10038,Riverside Bank of the Gulf Coast,Cape Coral,FL,"Cape Coral, FL"
10039,Sherman County Bank,Loup City,NE,"Loup City, NE"
10034,County Bank,Merced,CA,"Merced, CA"
10035,Alliance Bank,Culver City,CA,"Culver City, CA"
10036,FirstBank Financial Services,McDonough,GA,"McDonough, GA"
10032,Ocala National Bank,Ocala,FL,"Ocala, FL"
10033,Suburban FSB,Crofton,MD,"Crofton, MD"
10031,MagnetBank,Salt Lake City,UT,"Salt Lake City, UT"
10030,1st Centennial Bank,Redlands,CA,"Redlands, CA"
10029,Bank of Clark County,Vancouver,WA,"Vancouver, WA"
10028,National Bank of Commerce,Berkeley,IL,"Berkeley, IL"
10026,Sanderson State Bank,Sanderson,TX,"Sanderson, TX"
10027,Haven Trust Bank,Duluth,GA,"Duluth, GA"
10025,First Georgia Community Bank,Jackson,GA,"Jackson, GA"
10024,PFF Bank & Trust,Pomona,CA,"Pomona, CA"
10023,Downey Savings & Loan,Newport Beach,CA,"Newport Beach, CA"
10022,Community Bank,Loganville,GA,"Loganville, GA"
10020,Security Pacific Bank,Los Angeles,CA,"Los Angeles, CA"
10021,"Franklin Bank, SSB",Houston,TX,"Houston, TX"
10019,Freedom Bank,Bradenton,FL,"Bradenton, FL"
10018,Alpha Bank & Trust,Alpharetta,GA,"Alpharetta, GA"
10017,Meridian Bank,Eldred,IL,"Eldred, IL"
10016,Main Street Bank,Northville,MI,"Northville, MI"
10015,Washington Mutual Bank (Including its subsidiary Washington Mutual Bank FSB),Henderson,NV,"Henderson, NV"
10014,Ameribank,Northfork,WV,"Northfork, WV"
10013,Silver State Bank,Henderson,NV,"Henderson, NV"
10012,Integrity Bank,Alpharetta,GA,"Alpharetta, GA"
10011,Columbian Bank & Trust,Topeka,KS,"Topeka, KS"
10010,First Priority Bank,Bradenton,FL,"Bradenton, FL"
10009,"First Heritage Bank, NA",Newport Beach,CA,"Newport Beach, CA"
10008,First National Bank of Nevada,Reno,NV,"Reno, NV"
10007,IndyMac Bank,Pasadena,CA,"Pasadena, CA"
10006,"First Integrity Bank, NA",Staples,MN,"Staples, MN"
10005,"ANB Financial, NA",Bentonville,AR,"Bentonville, AR"
10004,Hume Bank,Hume,MO,"Hume, MO"
10003,Douglass National Bank,Kansas City,MO,"Kansas City, MO"
10002,Miami Valley Bank,Lakeview,OH,"Lakeview, OH"
10001,NetBank,Alpharetta,GA,"Alpharetta, GA"
10000,Metropolitan Savings Bank,Pittsburgh,PA,"Pittsburgh, PA"
4665,Bank of Ephraim,Ephraim,UT,"Ephraim, UT"
4664,Reliance Bank,White Plains,NY,"White Plains, NY"
4663,Guaranty National Bank of Tallahassee,Tallahassee,FL,"Tallahassee, FL"
6006,Dollar Savings Bank,Newark,NJ,"Newark, NJ"
4662,Pulaski Savings Bank,Philadelphia,PA,"Philadelphia, PA"
4661,First National Bank of Blanchardville,Blanchardville,WI,"Blanchardville, WI"
4660,Southern Pacific Bank,Torrance,CA,"Torrance, CA"
4659,Farmers Bank of Cheneyville,Cheneyville,LA,"Cheneyville, LA"
4658,Bank of Alamo,Alamo,TN,"Alamo, TN"
4657,AmTrade International Bank,Atlanta,GA,"Atlanta, GA"
6005,Universal Federal Savings Bank,Chicago,IL,"Chicago, IL"
4656,Connecticut Bank of Commerce,Stamford,CT,"Stamford, CT"
4655,New Century Bank,Shelby Township,MI,"Shelby Township, MI"
4654,Net 1st National Bank,Boca Raton,FL,"Boca Raton, FL"
4653,"NextBank, NA",Phoenix,AZ,"Phoenix, AZ"
4652,Oakwood Deposit Bank Co.,Oakwood,OH,"Oakwood, OH"
4651,Bank of Sierra Blanca,Sierra Blanca,TX,"Sierra Blanca, TX"
4650,"Hamilton Bank, NA",Miami,FL,"Miami, FL"
4649,Sinclair National Bank,Gravette,AR,"Gravette, AR"
6004,"Superior Bank, FSB",Hinsdale,IL,"Hinsdale, IL"
4648,Malta National Bank,Malta,OH,"Malta, OH"
4647,First Alliance Bank & Trust Co.,Manchester,NH,"Manchester, NH"
4646,National State Bank of Metropolis,Metropolis,IL,"Metropolis, IL"
4645,Bank of Honolulu,Honolulu,HI,"Honolulu, HI"
